album_name,spotify_album_uri,track_name,spotify_track_uri,danceability,energy,loudness,acousticness,instrumentalness,valence,tempo,key,mode,key_name,mode_name,key_mode
Taylor Swift,7mzrIsaAjnXihW3InKjlC3,Tim McGraw,0Om9WAB5RS09L80DyOfTNa,0.41,0.35,0.22,0.95,0.75,0.78,76,0,1,C,major,C major
Taylor Swift,7mzrIsaAjnXihW3InKjlC3,Picture To Burn,32mVHdy0bi1XKgr0ajsBlG,0.43,0.41,0.13,0.91,0.75,0.8,105.47,2,1,D,major,D major
Taylor Swift,7mzrIsaAjnXihW3InKjlC3,Teardrops On My Guitar - Radio Single Remix,7zMcNqs55Mxer82bvZFkpg,0.45,0.32,0.25,0.96,0.76,0.48,99.38,5,0,F,minor,F minor
Taylor Swift,7mzrIsaAjnXihW3InKjlC3,A Place in this World,73OX8GdpOeGzKC6OvGSbsv,0.48,0.38,0.14,0.94,0.74,0.79,114.84,9,1,A,major,A major
Taylor Swift,7mzrIsaAjnXihW3InKjlC3,Cold As You,7an1exwMnfYRcdVQm0yDev,0.44,0.35,0.21,0.95,0.75,0.78,87.59,0,1,C,major,C major
Taylor Swift,7mzrIsaAjnXihW3InKjlC3,The Outside,2QA3IixpRcKyOdG7XDzRgv,0.44,0.4,0.12,0.93,0.74,0.5,112.35,5,0,F,minor,F minor
Taylor Swift,7mzrIsaAjnXihW3InKjlC3,Tied Together with a Smile,6K0CJLVXqbGMeJSmJ4ENKK,0.49,0.36,0.15,0.95,0.74,0.8,143.55,4,1,E,major,E major
Taylor Swift,7mzrIsaAjnXihW3InKjlC3,Stay Beautiful,2ZoOmCSgj0ypVAmGd1ve4y,0.48,0.34,0.23,0.95,0.75,0.5,132.51,8,0,G#,minor,G# minor
Taylor Swift,7mzrIsaAjnXihW3InKjlC3,Should've Said No,16MVSD0mGI4RMQT83Qzm69,0.38,0.37,0.16,0.95,0.74,0.78,83.35,2,1,D,major,D major
Taylor Swift,7mzrIsaAjnXihW3InKjlC3,Mary's Song (Oh My My My),2QrQCMel6v2JiLxqrg4p2O,0.51,0.38,0.17,0.94,0.75,0.8,147.66,9,1,A,major,A major
Taylor Swift,7mzrIsaAjnXihW3InKjlC3,Our Song,15DeqWWQB4dcEWzJg15VrN,0.45,0.35,0.22,0.96,0.75,0.78,89.1,9,1,A,major,A major
Taylor Swift,7mzrIsaAjnXihW3InKjlC3,I'm Only Me When I'm With You,0JIdBrXGSJXS72zjF9ss9u,0.47,0.36,0.18,0.95,0.74,0.5,143.55,3,0,D#,minor,D# minor
Taylor Swift,7mzrIsaAjnXihW3InKjlC3,Invisible,5OOd01o2YS1QFwdpVLds3r,0.44,0.32,0.25,0.97,0.76,0.78,97.51,7,1,G,major,G major
Taylor Swift,7mzrIsaAjnXihW3InKjlC3,A Perfectly Good Heart,1spLfUJxtyVyiKKTegQ2r4,0.44,0.35,0.2,0.97,0.74,0.8,152,11,1,B,major,B major
Taylor Swift,7mzrIsaAjnXihW3InKjlC3,Teardrops on My Guitar - Pop Version,4pJi1rVt9GNegU9kywjg4z,0.43,0.34,0.25,0.94,0.76,0.49,99.38,10,0,A#,minor,A# minor
The Taylor Swift Holiday Collection,7vzYp7FrKnTRoktBYsx9SF,Last Christmas,2IprIjGNRlj3TfqUWCAo0C,0.5,0.38,0.15,0.94,0.74,0.8,117.45,5,1,F,major,F major
The Taylor Swift Holiday Collection,7vzYp7FrKnTRoktBYsx9SF,Christmases When You Were Mine,1g09DZjQ7yBommCT6POY2n,0.48,0.27,0.39,0.96,0.78,0.8,161.5,7,1,G,major,G major
The Taylor Swift Holiday Collection,7vzYp7FrKnTRoktBYsx9SF,Santa Baby,71IScwIe7bcIlpnlkbKVQw,0.45,0.35,0.2,0.95,0.75,0.79,107.67,7,1,G,major,G major
The Taylor Swift Holiday Collection,7vzYp7FrKnTRoktBYsx9SF,Silent Night,1cJkUN5LAotktryx2nPCr7,0.46,0.35,0.19,0.95,0.74,0.79,120.19,2,1,D,major,D major
The Taylor Swift Holiday Collection,7vzYp7FrKnTRoktBYsx9SF,Christmas Must Be Something More,31JVjy3XWnh6C2zf4kLCXN,0.47,0.36,0.19,0.94,0.75,0.8,123.05,7,1,G,major,G major
The Taylor Swift Holiday Collection,7vzYp7FrKnTRoktBYsx9SF,White Christmas,7GZ3KDorsc1yWndEtzGTjf,NA,NA,NA,NA,NA,NA,NA,NA,NA,NA,NA,NA
Fearless,43OpbkiiIxJO8ktIB777Nn,Jump Then Fall,08gavXombT6KR0af88i9tA,0.4,0.36,0.22,0.94,0.75,0.79,107.67,4,1,E,major,E major
Fearless,43OpbkiiIxJO8ktIB777Nn,Untouchable,2IZ00ed83ygPIiacYScWUE,0.45,0.33,0.26,0.95,0.76,0.78,99.38,9,1,A,major,A major
Fearless,43OpbkiiIxJO8ktIB777Nn,Forever & Always - Piano Version,46HGgtwmmuEB8mvDCyjyAc,0.44,0.31,0.24,0.95,0.77,0.72,112.35,4,1,E,major,E major
Fearless,43OpbkiiIxJO8ktIB777Nn,Come In With The Rain,4pl5zcqCv4vc3cB7M4MZ6f,0.47,0.37,0.17,0.94,0.75,0.8,143.55,7,1,G,major,G major
Fearless,43OpbkiiIxJO8ktIB777Nn,SuperStar,14Bljc3pOOG0xQX3wqhLN9,0.45,0.33,0.24,0.96,0.76,0.76,86.13,2,1,D,major,D major
Fearless,43OpbkiiIxJO8ktIB777Nn,The Other Side Of The Door,0xvsgzM8AtBtRHZm5rav8A,0.47,0.38,0.17,0.94,0.75,0.81,161.5,4,1,E,major,E major
Fearless,43OpbkiiIxJO8ktIB777Nn,Fearless,3F6czr26ZwGU5O5CHY04Ma,0.43,0.35,0.23,0.94,0.76,0.49,99.38,5,0,F,minor,F minor
Fearless,43OpbkiiIxJO8ktIB777Nn,Fifteen,3M0w3fhdXByHLCNAoi5c9G,0.45,0.35,0.22,0.95,0.75,0.79,95.7,7,1,G,major,G major
Fearless,43OpbkiiIxJO8ktIB777Nn,Love Story,0kN3oXYWWAk1uC0y2WoyOE,0.47,0.4,0.13,0.93,0.74,0.8,117.45,2,1,D,major,D major
Fearless,43OpbkiiIxJO8ktIB777Nn,Hey Stephen,6wcFdMmiDscAhZJrcVFumx,0.43,0.32,0.29,0.94,0.77,0.48,77.13,1,0,C#,minor,C# minor
Fearless,43OpbkiiIxJO8ktIB777Nn,White Horse,4jPtq9shRdUv8Zjr0a5xkD,0.44,0.31,0.32,0.96,0.77,0.78,92.29,2,1,D,major,D major
Fearless,43OpbkiiIxJO8ktIB777Nn,You Belong With Me,3as6Wz3mwbTnusWhZjTUNr,0.46,0.38,0.14,0.94,0.74,0.5,129.2,10,0,A#,minor,A# minor
Fearless,43OpbkiiIxJO8ktIB777Nn,Breathe,6S9G7J3EB1ZY0rrZPwsBg5,0.51,0.34,0.24,0.95,0.76,0.5,147.66,1,0,C#,minor,C# minor
Fearless,43OpbkiiIxJO8ktIB777Nn,Tell Me Why,4XrP7vKBjKLEYlRZdb0Ygr,0.43,0.37,0.18,0.95,0.75,0.79,99.38,7,1,G,major,G major
Fearless,43OpbkiiIxJO8ktIB777Nn,You're Not Sorry,6HWYtS215rxaaMjvpyG18W,0.46,0.37,0.17,0.94,0.75,0.5,136,6,0,F#,minor,F# minor
Fearless,43OpbkiiIxJO8ktIB777Nn,The Way I Loved You,77VotUUL79U10TAnYdqwvr,0.5,0.38,0.13,0.95,0.74,0.8,161.5,9,1,A,major,A major
Fearless,43OpbkiiIxJO8ktIB777Nn,Forever & Always,1zxrcAk6eiytfavqriMcKT,0.43,0.35,0.24,0.93,0.76,0.5,129.2,9,0,A,minor,A minor
Fearless,43OpbkiiIxJO8ktIB777Nn,The Best Day,5YbZZ2gYfvW1UvHHF4pVaD,0.5,0.32,0.31,0.95,0.77,0.48,129.2,1,0,C#,minor,C# minor
Fearless,43OpbkiiIxJO8ktIB777Nn,Change,0RdcBnAXyH2YZZvcBVu2k6,0.42,0.38,0.18,0.94,0.74,0.49,95.7,5,0,F,minor,F minor
Speak Now,5EpMjweRD573ASl7uNiHym,Mine,6LZaxlycSWrJZ4Volb25qx,0.48,0.38,0.18,0.94,0.75,0.8,120.19,2,1,D,major,D major
Speak Now,5EpMjweRD573ASl7uNiHym,Sparks Fly,1q8E1FfFuhd12c5JcJwPxQ,0.48,0.39,0.13,0.93,0.74,0.5,114.84,5,0,F,minor,F minor
Speak Now,5EpMjweRD573ASl7uNiHym,Back To December,7lxADouiWFkwR7ZV2GKUcH,0.48,0.33,0.24,0.97,0.76,0.8,143.55,2,1,D,major,D major
Speak Now,5EpMjweRD573ASl7uNiHym,Speak Now,1nYWTzy5zu3zEPNgB1sItW,0.49,0.38,0.18,0.93,0.75,0.8,120.19,7,1,G,major,G major
Speak Now,5EpMjweRD573ASl7uNiHym,Dear John,1ubvV5ECkm6nSI6g1HmbBK,0.48,0.34,0.24,0.95,0.75,0.79,117.45,4,1,E,major,E major
Speak Now,5EpMjweRD573ASl7uNiHym,Mean,4N60XfcTE1ysLZGbYgnYXq,0.47,0.36,0.21,0.93,0.75,0.81,161.5,4,1,E,major,E major
Speak Now,5EpMjweRD573ASl7uNiHym,The Story Of Us,19tHCfzUSoy5HkpxcmbA0A,0.51,0.37,0.15,0.95,0.75,0.8,139.67,4,1,E,major,E major
Speak Now,5EpMjweRD573ASl7uNiHym,Never Grow Up,74WBGgUnpKrJXt6TETfR6Z,0.45,0.3,0.32,0.95,0.75,0.8,126.05,9,1,A,major,A major
Speak Now,5EpMjweRD573ASl7uNiHym,Enchanted,14LtANuaslKWyYbktUrHBU,0.5,0.39,0.14,0.94,0.74,0.51,161.5,0,0,C,minor,C minor
Speak Now,5EpMjweRD573ASl7uNiHym,Better Than Revenge,1By2VQkUN0Frd8mKNV5NYC,0.44,0.35,0.22,0.95,0.76,0.8,147.66,2,1,D,major,D major
Speak Now,5EpMjweRD573ASl7uNiHym,Innocent,3kfgJql90tzgoxByioAMXR,0.5,0.37,0.2,0.94,0.75,0.5,136,8,0,G#,minor,G# minor
Speak Now,5EpMjweRD573ASl7uNiHym,Haunted,11UaQaEp2LvdspTyyuE3ur,0.38,0.39,0.14,0.93,0.75,0.78,80.75,9,1,A,major,A major
Speak Now,5EpMjweRD573ASl7uNiHym,Last Kiss,1D27z8xNzjW0Mwwt1NCWhJ,0.44,0.32,0.27,0.96,0.76,0.5,156.61,10,0,A#,minor,A# minor
Speak Now,5EpMjweRD573ASl7uNiHym,Long Live,7DjCRhhFo9PPzca1BjMLcf,0.43,0.38,0.18,0.93,0.75,0.79,101.33,7,1,G,major,G major
Speak Now,5EpMjweRD573ASl7uNiHym,Ours,1EQn3Uc5AyUXoiPLeyCrrg,0.43,0.33,0.28,0.94,0.77,0.78,79.51,0,1,C,major,C major
Speak Now,5EpMjweRD573ASl7uNiHym,If This Was A Movie,0vvt4IZOMkRug195S4MUq0,0.53,0.38,0.13,0.95,0.74,0.8,147.66,8,1,G#,major,G# major
Speak Now,5EpMjweRD573ASl7uNiHym,Superman,2R7C9dDqv1UPycvepBFziA,0.52,0.37,0.16,0.94,0.74,0.8,132.51,9,1,A,major,A major
Speak Now,5EpMjweRD573ASl7uNiHym,Back To December - Acoustic,6IH2Z54gYPLqgJtxZjX80i,0.51,0.36,0.17,0.94,0.73,0.8,143.55,9,1,A,major,A major
Speak Now,5EpMjweRD573ASl7uNiHym,Haunted - Acoustic Version,62rlxI6g2PNaWsHoiRryto,0.44,0.34,0.17,0.94,0.74,0.5,143.55,5,0,F,minor,F minor
Speak Now,5EpMjweRD573ASl7uNiHym,Mine - POP Mix,0fAbfDiuQiUwV7FUcFfRGY,0.48,0.36,0.23,0.94,0.76,0.8,120.19,2,1,D,major,D major
Red,1KlU96Hw9nlvqpBPlSqcTV,State Of Grace,5zyCYmiaVE5y26EZuwZbsw,0.47,0.35,0.2,0.95,0.74,0.8,129.2,8,1,G#,major,G# major
Red,1KlU96Hw9nlvqpBPlSqcTV,Red,1RvQQGwaPipiNgz8RXAKA8,0.44,0.36,0.18,0.96,0.75,0.8,126.05,6,1,F#,major,F# major
Red,1KlU96Hw9nlvqpBPlSqcTV,Treacherous,0XfOV7qY3834QpFVwOb6CC,0.43,0.34,0.23,0.96,0.75,0.78,109.96,2,1,D,major,D major
Red,1KlU96Hw9nlvqpBPlSqcTV,I Knew You Were Trouble.,0ciHz919LVKoH4zgxyMPZ9,0.41,0.34,0.27,0.96,0.76,0.49,103.36,1,0,C#,minor,C# minor
Red,1KlU96Hw9nlvqpBPlSqcTV,All Too Well,1q3RiD1tIWUpGsNFADMlvl,0.39,0.34,0.23,0.96,0.75,0.78,92.29,7,1,G,major,G major
Red,1KlU96Hw9nlvqpBPlSqcTV,22,3bIxTsfeNMO7Nt2J3EUKrA,0.39,0.35,0.26,0.95,0.76,0.79,103.36,2,1,D,major,D major
Red,1KlU96Hw9nlvqpBPlSqcTV,I Almost Do,31pEV5lPJi7btskZoUr2yu,0.49,0.31,0.31,0.96,0.77,0.8,143.55,11,1,B,major,B major
Red,1KlU96Hw9nlvqpBPlSqcTV,We Are Never Ever Getting Back Together,1OYARuagDrpgNNQ4loO1Cs,0.36,0.33,0.3,0.95,0.77,0.78,86.13,7,1,G,major,G major
Red,1KlU96Hw9nlvqpBPlSqcTV,Stay Stay Stay,1x0J8LFX23d5h1zzuzZorc,0.46,0.35,0.22,0.94,0.75,0.79,99.38,0,1,C,major,C major
Red,1KlU96Hw9nlvqpBPlSqcTV,The Last Time,7vvIpJZye5cRR6De1LKM0m,0.46,0.34,0.2,0.97,0.75,0.75,93.96,2,1,D,major,D major
Red,1KlU96Hw9nlvqpBPlSqcTV,Holy Ground,5d2Kn9oAAh9S2EbyCo1i52,0.52,0.33,0.25,0.95,0.76,0.5,156.61,4,0,E,minor,E minor
Red,1KlU96Hw9nlvqpBPlSqcTV,Sad Beautiful Tragic,5QKhg4r4Ibt0LVTmWEXTEg,0.45,0.3,0.34,0.96,0.78,0.78,129.2,7,1,G,major,G major
Red,1KlU96Hw9nlvqpBPlSqcTV,The Lucky One,2wtHlpYSgC7xEdD3DrSHNL,0.43,0.32,0.29,0.95,0.76,0.79,117.45,11,1,B,major,B major
Red,1KlU96Hw9nlvqpBPlSqcTV,Everything Has Changed,7gdwoOmi258QJq0hmQ4hto,0.45,0.33,0.25,0.96,0.76,0.5,161.5,10,0,A#,minor,A# minor
Red,1KlU96Hw9nlvqpBPlSqcTV,Starlight,0vqI4ZIMuifeKeItGiWbPj,0.46,0.35,0.25,0.94,0.76,0.8,126.05,11,1,B,major,B major
Red,1KlU96Hw9nlvqpBPlSqcTV,Begin Again,48A0aShHlovDfTMucMrE66,0.41,0.34,0.26,0.95,0.76,0.8,156.61,2,1,D,major,D major
Red,1KlU96Hw9nlvqpBPlSqcTV,The Moment I Knew,5AsmAjBSSQjRPWgAYIp8tm,0.46,0.36,0.23,0.93,0.76,0.8,126.05,7,1,G,major,G major
Red,1KlU96Hw9nlvqpBPlSqcTV,Come Back...Be Here,4qyalTRMRH5YuEntvvMvq0,0.52,0.35,0.2,0.96,0.74,0.8,161.5,11,1,B,major,B major
Red,1KlU96Hw9nlvqpBPlSqcTV,Girl At Home,6cf6rLb8qcklvJv90W6HCW,0.48,0.33,0.27,0.96,0.76,0.49,126.05,0,0,C,minor,C minor
Red,1KlU96Hw9nlvqpBPlSqcTV,Treacherous - Original Demo Recording,7BT9K9BDqq6HI2oWH5UMZQ,0.45,0.31,0.25,0.96,0.76,0.77,109.96,2,1,D,major,D major
Red,1KlU96Hw9nlvqpBPlSqcTV,Red - Original Demo Recording,4mqgn90sCeVSYqcoftTQTd,0.43,0.36,0.23,0.94,0.76,0.78,83.35,4,1,E,major,E major
Red,1KlU96Hw9nlvqpBPlSqcTV,State Of Grace - Acoustic,5G9AVKld9q7DCrmoY42raf,0.42,0.24,0.47,0.97,0.8,0.66,99.38,2,1,D,major,D major
1989,34OkZVpuzBa9y40DCy0LPR,Welcome To New York,33Kq0AT5rvwyE4azisG08x,0.47,0.33,0.27,0.96,0.75,0.79,117.45,7,1,G,major,G major
1989,34OkZVpuzBa9y40DCy0LPR,Blank Space,2sC2P3BN0IXujNaaSyDmtP,0.42,0.32,0.29,0.96,0.76,0.48,95.7,5,0,F,minor,F minor
1989,34OkZVpuzBa9y40DCy0LPR,Style,1fo2ctLqj3zBhRQKOXprol,0.37,0.34,0.25,0.96,0.75,0.78,95.7,9,1,A,major,A major
1989,34OkZVpuzBa9y40DCy0LPR,Out Of The Woods,6Nde5KuTXyB7jlPO4upaBo,0.41,0.33,0.25,0.96,0.75,0.79,123.05,0,1,C,major,C major
1989,34OkZVpuzBa9y40DCy0LPR,All You Had To Do Was Stay,0lmMtDQ2ElasKU2qDAE6NN,0.42,0.34,0.28,0.95,0.76,0.49,97.51,0,0,C,minor,C minor
1989,34OkZVpuzBa9y40DCy0LPR,Shake It Off,3fthfkkvy9av3q3uAGVf7U,0.48,0.34,0.24,0.96,0.76,0.8,161.5,2,1,D,major,D major
1989,34OkZVpuzBa9y40DCy0LPR,I Wish You Would,1B5VzXPqMlvRw0U4HJY3dJ,0.41,0.35,0.22,0.96,0.76,0.79,117.45,0,1,C,major,C major
1989,34OkZVpuzBa9y40DCy0LPR,Bad Blood,0yN4fNzmVnmgC0dsOoi9Wh,0.44,0.31,0.28,0.96,0.76,0.79,112.35,11,1,B,major,B major
1989,34OkZVpuzBa9y40DCy0LPR,Wildest Dreams,106R7Z57WYzBAfrXImV30y,0.44,0.31,0.27,0.97,0.76,0.48,136,8,0,G#,minor,G# minor
1989,34OkZVpuzBa9y40DCy0LPR,How You Get The Girl,6wfugRLamFsTRbPcCpNnP7,0.47,0.34,0.26,0.96,0.75,0.49,120.19,0,0,C,minor,C minor
1989,34OkZVpuzBa9y40DCy0LPR,This Love,1kTPQnabROVkW9bUXdCGrB,0.45,0.33,0.25,0.97,0.75,0.8,143.55,4,1,E,major,E major
1989,34OkZVpuzBa9y40DCy0LPR,I Know Places,2zfgVd034GlUvk7LqBHl6u,0.41,0.34,0.26,0.96,0.76,0.79,107.67,0,1,C,major,C major
1989,34OkZVpuzBa9y40DCy0LPR,Clean,4bXCcoesMt8u99xMsbLr9U,0.45,0.3,0.33,0.96,0.77,0.74,103.36,4,1,E,major,E major
1989,34OkZVpuzBa9y40DCy0LPR,Wonderland,6iWMI5oOhWrDbLbjmwTWFq,0.41,0.34,0.22,0.97,0.75,0.49,123.05,3,0,D#,minor,D# minor
1989,34OkZVpuzBa9y40DCy0LPR,You Are In Love,4A2LfnduSTsE8u0ecYROxE,0.43,0.31,0.28,0.97,0.77,0.7,112.35,9,1,A,major,A major
1989,34OkZVpuzBa9y40DCy0LPR,New Romantics,6rZVy6FIG7lSJQMFXHo12z,0.45,0.36,0.22,0.95,0.75,0.5,123.05,0,0,C,minor,C minor
1989,34OkZVpuzBa9y40DCy0LPR,I Know Places - Voice Memo,4JQm7ebhsrt10wmrP6AfXL,NA,NA,NA,NA,NA,NA,NA,NA,NA,NA,NA,NA
1989,34OkZVpuzBa9y40DCy0LPR,I Wish You Would - Voice Memo,4TtyvyI42C0KFnbDZvNC8Y,NA,NA,NA,NA,NA,NA,NA,NA,NA,NA,NA,NA
1989,34OkZVpuzBa9y40DCy0LPR,Blank Space - Voice Memo,0yisH8r0f3Mkq34kjzUlCV,NA,NA,NA,NA,NA,NA,NA,NA,NA,NA,NA,NA
reputation,6DEjYFkNZh67HP7R9PSZvv,...Ready For It?,2yLa0QULdQr0qAIvVwN6B5,0.45,0.31,0.33,0.95,0.77,0.81,161.5,4,1,E,major,E major
reputation,6DEjYFkNZh67HP7R9PSZvv,End Game,2x0WlnmfG39ZuDmstl9xfX,0.5,0.31,0.31,0.97,0.78,0.79,105.47,2,1,D,major,D major
reputation,6DEjYFkNZh67HP7R9PSZvv,I Did Something Bad,4svZDCRz4cJoneBpjpx8DJ,0.39,0.32,0.3,0.96,0.76,0.78,83.35,10,1,A#,major,A# major
reputation,6DEjYFkNZh67HP7R9PSZvv,Don’t Blame Me,1R0a2iXumgCiFb7HEZ7gUE,0.35,0.34,0.23,0.96,0.74,0.77,68,9,1,A,major,A major
reputation,6DEjYFkNZh67HP7R9PSZvv,Delicate,6NFyWDv5CjfwuzoCkw47Xf,0.4,0.27,0.42,0.97,0.79,0.46,95.7,0,0,C,minor,C minor
reputation,6DEjYFkNZh67HP7R9PSZvv,Look What You Made Me Do,1P17dC1amhFzptugyAO7Il,0.46,0.33,0.3,0.94,0.77,0.8,129.2,9,1,A,major,A major
reputation,6DEjYFkNZh67HP7R9PSZvv,So It Goes...,5PxFv9yJEg9dxvbZggykro,0.38,0.33,0.27,0.97,0.76,0.77,74.9,4,1,E,major,E major
reputation,6DEjYFkNZh67HP7R9PSZvv,Gorgeous,1ZY1PqizIl78geGM4xWlEA,0.42,0.28,0.36,0.97,0.78,0.79,123.05,0,1,C,major,C major
reputation,6DEjYFkNZh67HP7R9PSZvv,Getaway Car,0VE4kBnHJUgtMf0dy6DRmW,0.47,0.33,0.28,0.96,0.76,0.81,172.27,1,1,C#,major,C# major
reputation,6DEjYFkNZh67HP7R9PSZvv,King Of My Heart,7HuBDWi18s4aJM8UFnNheH,0.39,0.31,0.33,0.96,0.77,0.79,109.96,0,1,C,major,C major
reputation,6DEjYFkNZh67HP7R9PSZvv,Dancing With Our Hands Tied,7I7JbDv63ZJJsSi24DyJrz,0.48,0.31,0.3,0.97,0.76,0.5,161.5,3,0,D#,minor,D# minor
reputation,6DEjYFkNZh67HP7R9PSZvv,Dress,6oVxXO5oQ4pTpO8RSnkzvv,0.46,0.29,0.39,0.95,0.78,0.49,120.19,0,0,C,minor,C minor
reputation,6DEjYFkNZh67HP7R9PSZvv,This Is Why We Can't Have Nice Things,07NxDD1iKCHbAldceD7QLP,0.45,0.35,0.27,0.93,0.76,0.51,161.5,0,0,C,minor,C minor
reputation,6DEjYFkNZh67HP7R9PSZvv,Call It What You Want,1GwMQaZz6Au3QLDbjbMdme,0.44,0.28,0.38,0.95,0.78,0.49,109.96,9,0,A,minor,A minor
reputation,6DEjYFkNZh67HP7R9PSZvv,New Year’s Day,7F5oktn5YOsR9eR5YsFtqb,0.51,0.23,0.46,0.97,0.82,0.67,184.57,0,1,C,major,C major
Lover,1NAmidJlEaVgA3MpcPFYGq,I Forgot That You Existed,43rA71bccXFGD4C8GOpIlN,0.43,0.26,0.34,0.97,0.77,0.49,129.2,5,0,F,minor,F minor
Lover,1NAmidJlEaVgA3MpcPFYGq,Cruel Summer,1BxfuPKGuaTgP7aM0Bbdwr,0.4,0.33,0.25,0.96,0.76,0.49,112.35,9,0,A,minor,A minor
Lover,1NAmidJlEaVgA3MpcPFYGq,Lover,1dGr1c8CrMLDpV6mPbImSI,0.47,0.34,0.23,0.96,0.75,0.78,103.36,7,1,G,major,G major
Lover,1NAmidJlEaVgA3MpcPFYGq,The Man,3RauEVgRgj1IuWdJ9fDs70,0.44,0.33,0.27,0.96,0.75,0.79,109.96,7,1,G,major,G major
Lover,1NAmidJlEaVgA3MpcPFYGq,The Archer,3pHkh7d0lzM2AldUtz2x37,0.43,0.29,0.28,0.98,0.77,0.38,123.05,0,0,C,minor,C minor
Lover,1NAmidJlEaVgA3MpcPFYGq,I Think He Knows,2YWtcWi3a83pdEg3Gif4Pd,0.45,0.29,0.34,0.97,0.77,0.46,99.38,10,0,A#,minor,A# minor
Lover,1NAmidJlEaVgA3MpcPFYGq,Miss Americana & The Heartbreak Prince,214nt20w5wOxJnY462klLw,0.53,0.29,0.37,0.95,0.78,0.8,152,2,1,D,major,D major
Lover,1NAmidJlEaVgA3MpcPFYGq,Paper Rings,4y5bvROuBDPr5fuwXbIBZR,0.46,0.31,0.34,0.96,0.77,0.79,103.36,4,1,E,major,E major
Lover,1NAmidJlEaVgA3MpcPFYGq,Cornelia Street,12M5uqx0ZuwkpLp5rJim1a,0.4,0.31,0.31,0.96,0.78,0.75,101.33,0,1,C,major,C major
Lover,1NAmidJlEaVgA3MpcPFYGq,Death By A Thousand Cuts,2dgFqt3w9xIQRjhPtwNk3D,0.44,0.31,0.28,0.96,0.77,0.79,126.05,11,1,B,major,B major
Lover,1NAmidJlEaVgA3MpcPFYGq,London Boy,1LLXZFeAHK9R4xUramtUKw,0.47,0.29,0.34,0.96,0.78,0.48,156.61,6,0,F#,minor,F# minor
Lover,1NAmidJlEaVgA3MpcPFYGq,Soon You’ll Get Better (feat. The Chicks),4AYtqFyFbX0Xkc2wtcygTr,0.44,0.28,0.35,0.97,0.79,0.7,105.47,7,1,G,major,G major
Lover,1NAmidJlEaVgA3MpcPFYGq,False God,5hQSXkFgbxjZo9uCwd11so,0.44,0.23,0.49,0.98,0.81,0.63,79.51,11,1,B,major,B major
Lover,1NAmidJlEaVgA3MpcPFYGq,You Need To Calm Down,6RRNNciQGZEXnqk8SQ9yv5,0.46,0.33,0.29,0.95,0.76,0.81,172.27,2,1,D,major,D major
Lover,1NAmidJlEaVgA3MpcPFYGq,Afterglow,1SymEzIT3H8UZfibCs3TYi,0.46,0.27,0.37,0.98,0.77,0.75,112.35,11,1,B,major,B major
Lover,1NAmidJlEaVgA3MpcPFYGq,ME! (feat. Brendon Urie of Panic! At The Disco),2Rk4JlNc2TPmZe2af99d45,0.38,0.35,0.25,0.94,0.75,0.49,90.67,0,0,C,minor,C minor
Lover,1NAmidJlEaVgA3MpcPFYGq,It’s Nice To Have A Friend,1SmiQ65iSAbPto6gPFlBYm,0.54,0.26,0.38,0.97,0.8,0.45,143.55,10,0,A#,minor,A# minor
Lover,1NAmidJlEaVgA3MpcPFYGq,Daylight,1fzAuUVbzlhZ1lJAx9PtY6,0.44,0.31,0.23,0.97,0.75,0.7,99.38,7,1,G,major,G major
folklore,1pzvBxYgT6OVwJLtHkrdQK,the 1,4pfrrhvplbJZAIsfosGWQP,0.49,0.27,0.38,0.97,0.79,0.76,143.55,0,1,C,major,C major
folklore,1pzvBxYgT6OVwJLtHkrdQK,cardigan,0KRYCBwIpWYFNrXOmXbyUh,0.42,0.31,0.27,0.96,0.76,0.43,129.2,5,0,F,minor,F minor
folklore,1pzvBxYgT6OVwJLtHkrdQK,the last great american dynasty,2olxzvoFI9IpxqFeUv7WOX,0.49,0.28,0.36,0.98,0.77,0.77,147.66,7,1,G,major,G major
folklore,1pzvBxYgT6OVwJLtHkrdQK,exile (feat. Bon Iver),5S4aYQAJOwJMAamANWlICO,0.46,0.33,0.22,0.95,0.75,0.48,156.61,6,0,F#,minor,F# minor
folklore,1pzvBxYgT6OVwJLtHkrdQK,my tears ricochet,5P2bHCDM2tsgIaYWsZMhu5,0.47,0.31,0.27,0.97,0.76,0.73,129.2,0,1,C,major,C major
folklore,1pzvBxYgT6OVwJLtHkrdQK,mirrorball,2I8YAEA1VmCuP1wkJHMpTw,0.42,0.31,0.24,0.97,0.75,0.71,112.35,9,1,A,major,A major
folklore,1pzvBxYgT6OVwJLtHkrdQK,seven,76mOLcXOjOEhyY4mMF1l3r,0.4,0.29,0.37,0.96,0.78,0.75,92.29,4,1,E,major,E major
folklore,1pzvBxYgT6OVwJLtHkrdQK,august,6nK2pIKFcRc5frrZKHgsiT,0.39,0.34,0.21,0.96,0.75,0.46,120.19,0,0,C,minor,C minor
folklore,1pzvBxYgT6OVwJLtHkrdQK,this is me trying,7cm50Lw03k6VvRauJtkyTj,0.43,0.32,0.23,0.98,0.75,0.72,136,4,1,E,major,E major
folklore,1pzvBxYgT6OVwJLtHkrdQK,illicit affairs,6DrLROM5MG9bxWHeEG5elq,0.45,0.3,0.31,0.97,0.76,0.49,123.05,10,0,A#,minor,A# minor
folklore,1pzvBxYgT6OVwJLtHkrdQK,invisible string,2ehRU518I0hYqMGQnk4lDY,0.42,0.26,0.45,0.97,0.8,0.76,112.35,3,1,D#,major,D# major
folklore,1pzvBxYgT6OVwJLtHkrdQK,mad woman,0RP1kqoSPkVXsKiQNhMKzV,0.51,0.31,0.29,0.97,0.76,0.45,143.55,5,0,F,minor,F minor
folklore,1pzvBxYgT6OVwJLtHkrdQK,epiphany,1EXa37LpSvi3OQ9UYQ28rD,0.41,0.28,0.35,0.97,0.78,0.4,123.05,8,0,G#,minor,G# minor
folklore,1pzvBxYgT6OVwJLtHkrdQK,betty,3IhtE4fkytdrtEfV34UzkD,0.43,0.34,0.22,0.95,0.75,0.79,95.7,0,1,C,major,C major
folklore,1pzvBxYgT6OVwJLtHkrdQK,peace,6JlI8Ay77m4nJvZTHvfT1J,0.46,0.27,0.37,0.96,0.81,0.46,143.55,0,0,C,minor,C minor
folklore,1pzvBxYgT6OVwJLtHkrdQK,hoax,0YeDG5HnKnG7jpArkzsSPa,0.41,0.25,0.41,0.97,0.82,0.38,117.45,0,0,C,minor,C minor
folklore,1pzvBxYgT6OVwJLtHkrdQK,the lakes - bonus track,0eFQWVz0qIxDOvhLpZ40P7,0.41,0.3,0.29,0.97,0.76,0.46,112.35,1,0,C#,minor,C# minor
evermore,6AORtDjduMM3bupSWzbTSG,willow,2gVhfX2Gy1T9kDuS9azrF7,0.49,0.31,0.32,0.95,0.78,0.77,166.71,9,1,A,major,A major
evermore,6AORtDjduMM3bupSWzbTSG,champagne problems,1gcyHQpBQ1lfXGdhZmWrHP,0.5,0.31,0.26,0.96,0.77,0.75,172.27,0,1,C,major,C major
evermore,6AORtDjduMM3bupSWzbTSG,gold rush,3Dby3p1m6IOZn2gIIqECgK,0.47,0.29,0.31,0.97,0.77,0.71,152,9,1,A,major,A major
evermore,6AORtDjduMM3bupSWzbTSG,‘tis the damn season,6sQckd3Z8NPxVVKUnavY1F,0.53,0.31,0.31,0.96,0.77,0.45,147.66,5,0,F,minor,F minor
evermore,6AORtDjduMM3bupSWzbTSG,tolerate it,6lCvK2AR2uOKkVFCVlAzzm,0.47,0.28,0.33,0.97,0.79,0.71,152,9,1,A,major,A major
evermore,6AORtDjduMM3bupSWzbTSG,"no body, no crime (feat. HAIM)",6uwfVkaOM1mcMkFmSn35ix,0.44,0.33,0.29,0.95,0.76,0.48,79.51,10,0,A#,minor,A# minor
evermore,6AORtDjduMM3bupSWzbTSG,happiness,55Vf4bimc1Rtfg0PAQRAo2,0.43,0.29,0.34,0.97,0.77,0.71,123.05,11,1,B,major,B major
evermore,6AORtDjduMM3bupSWzbTSG,dorothea,66tOfHVH3aUrscg8vExRV4,0.47,0.3,0.29,0.97,0.77,0.74,123.05,4,1,E,major,E major
evermore,6AORtDjduMM3bupSWzbTSG,coney island (feat. The National),2awNGIJHodfLZSClB3PYhz,0.41,0.28,0.35,0.97,0.79,0.38,117.45,10,0,A#,minor,A# minor
evermore,6AORtDjduMM3bupSWzbTSG,ivy,43Ykum9T72UOPhBN31grpN,0.41,0.3,0.32,0.96,0.78,0.74,92.29,2,1,D,major,D major
evermore,6AORtDjduMM3bupSWzbTSG,cowboy like me,52OkpDsU6MmPx1AwGOb6Ap,0.45,0.3,0.32,0.96,0.77,0.71,129.2,4,1,E,major,E major
evermore,6AORtDjduMM3bupSWzbTSG,long story short,5VYWxXUpxuxEmCqMLDqICo,0.42,0.3,0.3,0.97,0.78,0.71,79.51,0,1,C,major,C major
evermore,6AORtDjduMM3bupSWzbTSG,marjorie,5uICWmZTLkpEVbK22PBP6e,0.46,0.31,0.3,0.96,0.77,0.47,129.2,5,0,F,minor,F minor
evermore,6AORtDjduMM3bupSWzbTSG,closure,6a8aUhYbaQBUI8PcJ5ZmQ6,0.47,0.29,0.33,0.97,0.79,0.74,152,9,1,A,major,A major
evermore,6AORtDjduMM3bupSWzbTSG,evermore (feat. Bon Iver),6Wlq9rqkxrqj5Kls4Kw14H,0.43,0.3,0.28,0.97,0.78,0.39,112.35,8,0,G#,minor,G# minor
evermore,6AORtDjduMM3bupSWzbTSG,right where you left me - bonus track,3zwMVvkBe2qIKDObWgXw4N,0.42,0.33,0.21,0.95,0.75,0.4,68.91,5,0,F,minor,F minor
evermore,6AORtDjduMM3bupSWzbTSG,it’s time to go - bonus track,1kdWw77ZpYOkhxeuhzU1j6,0.47,0.29,0.36,0.97,0.78,0.75,152,7,1,G,major,G major
Fearless (Taylor's Version),4hDok0OAJd57SGIT8xuWJH,Fearless (Taylor’s Version),77sMIMlNaSURUAXq5coCxE,0.42,0.35,0.26,0.95,0.76,0.49,101.33,5,0,F,minor,F minor
Fearless (Taylor's Version),4hDok0OAJd57SGIT8xuWJH,Fifteen (Taylor’s Version),2nqio0SfWg6gh2eCtfuMa5,0.45,0.34,0.25,0.95,0.75,0.79,95.7,9,1,A,major,A major
Fearless (Taylor's Version),4hDok0OAJd57SGIT8xuWJH,Love Story (Taylor’s Version),6YvqWjhGD8mB5QXcbcUKtx,0.47,0.37,0.18,0.94,0.74,0.8,120.19,9,1,A,major,A major
Fearless (Taylor's Version),4hDok0OAJd57SGIT8xuWJH,Hey Stephen (Taylor’s Version),550erGcdD9n6PnwxrvYqZT,NA,NA,NA,NA,NA,NA,NA,NA,NA,NA,NA,NA
Fearless (Taylor's Version),4hDok0OAJd57SGIT8xuWJH,White Horse (Taylor’s Version),5YL553x8sHderRBDlm3NM3,0.42,0.3,0.33,0.96,0.76,0.78,93.96,2,1,D,major,D major
Fearless (Taylor's Version),4hDok0OAJd57SGIT8xuWJH,You Belong With Me (Taylor’s Version),1qrpoAMXodY6895hGKoUpA,0.43,0.38,0.18,0.93,0.75,0.5,129.2,10,0,A#,minor,A# minor
Fearless (Taylor's Version),4hDok0OAJd57SGIT8xuWJH,Breathe (feat. Colbie Caillat) (Taylor’s Version),7HC7R2D8WjXVcUHJyEGjRs,NA,NA,NA,NA,NA,NA,NA,NA,NA,NA,NA,NA
Fearless (Taylor's Version),4hDok0OAJd57SGIT8xuWJH,Tell Me Why (Taylor’s Version),0k0vFacOHNuArLWMiH60p7,NA,NA,NA,NA,NA,NA,NA,NA,NA,NA,NA,NA
Fearless (Taylor's Version),4hDok0OAJd57SGIT8xuWJH,You’re Not Sorry (Taylor’s Version),6iiAfo4wTA2CVC3Uwx9uh8,0.45,0.36,0.22,0.93,0.75,0.5,129.2,6,0,F#,minor,F# minor
Fearless (Taylor's Version),4hDok0OAJd57SGIT8xuWJH,The Way I Loved You (Taylor’s Version),22bPsP2jCgbLUvh82U0Z3M,0.45,0.37,0.19,0.93,0.76,0.48,79.51,9,0,A,minor,A minor
Fearless (Taylor's Version),4hDok0OAJd57SGIT8xuWJH,Forever & Always (Taylor’s Version),1msEuwSBneBKpVCZQcFTsU,0.42,0.37,0.24,0.93,0.76,0.5,129.2,5,0,F,minor,F minor
Fearless (Taylor's Version),4hDok0OAJd57SGIT8xuWJH,The Best Day (Taylor’s Version),6ON9UuIq49xXY9GPmHIYRp,0.48,0.3,0.38,0.96,0.78,0.5,126.05,1,0,C#,minor,C# minor
Fearless (Taylor's Version),4hDok0OAJd57SGIT8xuWJH,Change (Taylor’s Version),3ExweHKZF9B752DPQByRVT,0.45,0.36,0.22,0.94,0.74,0.49,95.7,5,0,F,minor,F minor
Fearless (Taylor's Version),4hDok0OAJd57SGIT8xuWJH,Jump Then Fall (Taylor’s Version),2m3ObD945KvpE5y9A1eUWm,0.48,0.36,0.23,0.93,0.76,0.81,161.5,9,1,A,major,A major
Fearless (Taylor's Version),4hDok0OAJd57SGIT8xuWJH,Untouchable (Taylor’s Version),0tQ9vBYpldCuikPsbgOVKA,0.47,0.34,0.25,0.94,0.76,0.49,99.38,7,0,G,minor,G minor
Fearless (Taylor's Version),4hDok0OAJd57SGIT8xuWJH,Forever & Always (Piano Version) (Taylor’s Version),01QdEx6kFr78ZejhQtWR5m,0.44,0.31,0.27,0.96,0.75,0.79,117.45,1,1,C#,major,C# major
Fearless (Taylor's Version),4hDok0OAJd57SGIT8xuWJH,Come In With The Rain (Taylor’s Version),1n2wszmJyVkw6FHqyLnQsY,0.46,0.37,0.2,0.93,0.75,0.8,136,7,1,G,major,G major
Fearless (Taylor's Version),4hDok0OAJd57SGIT8xuWJH,Superstar (Taylor’s Version),51A8eKvvZz9uydvIZ7xRSV,0.53,0.33,0.28,0.95,0.76,0.81,172.27,2,1,D,major,D major
Fearless (Taylor's Version),4hDok0OAJd57SGIT8xuWJH,The Other Side Of The Door (Taylor’s Version),1cSFlSBdpT4F5vb1frQ231,0.4,0.38,0.18,0.92,0.75,0.8,109.96,4,1,E,major,E major
Fearless (Taylor's Version),4hDok0OAJd57SGIT8xuWJH,Today Was A Fairytale (Taylor’s Version),2JoJrsEV15OzbijS47lids,0.48,0.35,0.23,0.95,0.75,0.8,156.61,7,1,G,major,G major
Fearless (Taylor's Version),4hDok0OAJd57SGIT8xuWJH,You All Over Me (feat. Maren Morris) (Taylor’s Version) (From The Vault),4CHpVfAhuxNJ3ibExe6kxO,0.51,0.3,0.31,0.97,0.77,0.73,143.55,2,1,D,major,D major
Fearless (Taylor's Version),4hDok0OAJd57SGIT8xuWJH,Mr. Perfectly Fine (Taylor’s Version) (From The Vault),2CYVETnhM9aytqrazYYwrK,0.49,0.37,0.19,0.94,0.75,0.8,136,2,1,D,major,D major
Fearless (Taylor's Version),4hDok0OAJd57SGIT8xuWJH,We Were Happy (Taylor’s Version) (From The Vault),34V9RiEPe8MNdU32qJsJa1,0.44,0.3,0.3,0.97,0.77,0.73,107.67,0,1,C,major,C major
Fearless (Taylor's Version),4hDok0OAJd57SGIT8xuWJH,That’s When (feat. Keith Urban) (Taylor’s Version) (From The Vault),7eResoqEJJAVTkQYSqvO3P,0.45,0.33,0.24,0.96,0.76,0.49,120.19,5,0,F,minor,F minor
Fearless (Taylor's Version),4hDok0OAJd57SGIT8xuWJH,Don’t You (Taylor’s Version) (From The Vault),4uuEGH5SVuzkkSFjo2DEiY,0.44,0.28,0.37,0.95,0.78,0.49,101.33,3,0,D#,minor,D# minor
Fearless (Taylor's Version),4hDok0OAJd57SGIT8xuWJH,Bye Bye Baby (Taylor’s Version) (From The Vault),4qUijfYU8EoIWiY6oSyrgT,0.48,0.33,0.25,0.95,0.76,0.51,161.5,5,0,F,minor,F minor
Red (Taylor's Version),6kZ42qRrzov54LcAk4onW9,State Of Grace (Taylor's Version),6lzc0Al0zfZOIFsFvBS1ki,0.46,0.36,0.19,0.94,0.74,0.8,129.2,8,1,G#,major,G# major
Red (Taylor's Version),6kZ42qRrzov54LcAk4onW9,Red (Taylor's Version),4OAuvHryIVv4kMDNSLuPt6,0.43,0.33,0.26,0.97,0.75,0.79,126.05,11,1,B,major,B major
Red (Taylor's Version),6kZ42qRrzov54LcAk4onW9,Treacherous (Taylor's Version),3S7HNKPakdwNEBFIVTL6dZ,0.47,0.35,0.2,0.96,0.74,0.79,109.96,9,1,A,major,A major
Red (Taylor's Version),6kZ42qRrzov54LcAk4onW9,I Knew You Were Trouble (Taylor's Version),6AtZLIzUINvExIUy4QhdjP,0.4,0.36,0.24,0.94,0.76,0.5,123.05,10,0,A#,minor,A# minor
Red (Taylor's Version),6kZ42qRrzov54LcAk4onW9,All Too Well (Taylor's Version),3nsfB1vus2qaloUdcBZvDu,0.4,0.32,0.31,0.96,0.76,0.78,93.96,0,1,C,major,C major
Red (Taylor's Version),6kZ42qRrzov54LcAk4onW9,22 (Taylor's Version),3yII7UwgLF6K5zW3xad3MP,0.4,0.33,0.31,0.96,0.77,0.79,103.36,11,1,B,major,B major
Red (Taylor's Version),6kZ42qRrzov54LcAk4onW9,I Almost Do (Taylor's Version),2r9CbjYgFhtAmcFv1cSquB,0.49,0.32,0.3,0.96,0.76,0.8,143.55,6,1,F#,major,F# major
Red (Taylor's Version),6kZ42qRrzov54LcAk4onW9,We Are Never Ever Getting Back Together (Taylor's Version),5YqltLsjdqFtvqE7Nrysvs,0.33,0.33,0.28,0.95,0.76,0.78,86.13,7,1,G,major,G major
Red (Taylor's Version),6kZ42qRrzov54LcAk4onW9,Stay Stay Stay (Taylor's Version),7eQj6r5PIdYKEIZjucBMcq,0.44,0.33,0.28,0.94,0.76,0.79,99.38,0,1,C,major,C major
Red (Taylor's Version),6kZ42qRrzov54LcAk4onW9,The Last Time (feat. Gary Lightbody of Snow Patrol) (Taylor’s Version),0y6kdSRCVQhSsHSpWvTUm7,0.42,0.34,0.22,0.96,0.75,0.78,93.96,9,1,A,major,A major
Red (Taylor's Version),6kZ42qRrzov54LcAk4onW9,Holy Ground (Taylor's Version),7J4b3LVCIGO4CMBDFLPoP6,0.5,0.31,0.31,0.96,0.76,0.49,156.61,11,0,B,minor,B minor
Red (Taylor's Version),6kZ42qRrzov54LcAk4onW9,Sad Beautiful Tragic (Taylor's Version),73qMN9bXy7MSPwwGfH3wQr,0.49,0.3,0.35,0.96,0.78,0.8,132.51,11,1,B,major,B major
Red (Taylor's Version),6kZ42qRrzov54LcAk4onW9,The Lucky One (Taylor's Version),4e5ayHsOLJNLTGfjau2mEw,0.44,0.31,0.33,0.96,0.77,0.78,117.45,11,1,B,major,B major
Red (Taylor's Version),6kZ42qRrzov54LcAk4onW9,Everything Has Changed (feat. Ed Sheeran) (Taylor’s Version),7qEUFOVcxRI19tbT68JcYK,0.39,0.34,0.25,0.95,0.75,0.48,80.75,10,0,A#,minor,A# minor
Red (Taylor's Version),6kZ42qRrzov54LcAk4onW9,Starlight (Taylor's Version),7A2cNLRT0YJc1yjxHlKihs,0.46,0.33,0.29,0.95,0.77,0.8,126.05,11,1,B,major,B major
Red (Taylor's Version),6kZ42qRrzov54LcAk4onW9,Begin Again (Taylor's Version),05GsNucq8Bngd9fnd4fRa0,0.45,0.31,0.33,0.95,0.77,0.8,156.61,7,1,G,major,G major
Red (Taylor's Version),6kZ42qRrzov54LcAk4onW9,The Moment I Knew (Taylor's Version),0NRHj8hDwwmSPaA41o379r,0.46,0.33,0.29,0.95,0.76,0.8,126.05,7,1,G,major,G major
Red (Taylor's Version),6kZ42qRrzov54LcAk4onW9,Come Back...Be Here (Taylor's Version),4pNApnaUWAL2J4KO2eqokq,0.49,0.36,0.21,0.95,0.75,0.81,161.5,11,1,B,major,B major
Red (Taylor's Version),6kZ42qRrzov54LcAk4onW9,Girl At Home (Taylor's Version),0DMVrlMUn01M0IcpDbwgu7,0.46,0.31,0.33,0.96,0.76,0.49,126.05,0,0,C,minor,C minor
Red (Taylor's Version),6kZ42qRrzov54LcAk4onW9,State Of Grace (Acoustic Version) (Taylor's Version),5jAIouBES8LWMiriuNq170,0.42,0.24,0.49,0.96,0.8,0.74,103.36,2,1,D,major,D major
Red (Taylor's Version),6kZ42qRrzov54LcAk4onW9,Ronan (Taylor's Version),7nWui6jiMM2m9qFmET1Mtj,0.43,0.29,0.32,0.95,0.75,0.79,117.45,0,1,C,major,C major
Red (Taylor's Version),6kZ42qRrzov54LcAk4onW9,Better Man (Taylor's Version) (From The Vault),4OmFmE0fzcMG6g0Y8p4eSD,0.51,0.34,0.21,0.96,0.75,0.8,152,4,1,E,major,E major
Red (Taylor's Version),6kZ42qRrzov54LcAk4onW9,Nothing New (feat. Phoebe Bridgers) (Taylor’s Version) (From The Vault),01K4zKU104LyJ8gMb7227B,0.44,0.29,0.35,0.96,0.78,0.73,99.38,0,1,C,major,C major
Red (Taylor's Version),6kZ42qRrzov54LcAk4onW9,Babe (Taylor's Version) (From The Vault),0v4z1tuZvn6LGknom9Qx7d,0.39,0.35,0.23,0.95,0.75,0.78,83.35,11,1,B,major,B major
Red (Taylor's Version),6kZ42qRrzov54LcAk4onW9,Message In A Bottle (Taylor's Version) (From The Vault),3z6XUommYDWPHeFhmhhT6j,0.42,0.33,0.28,0.95,0.75,0.79,114.84,7,1,G,major,G major
Red (Taylor's Version),6kZ42qRrzov54LcAk4onW9,I Bet You Think About Me (feat. Chris Stapleton) (Taylor’s Version) (From The Vault),4CkgMiMqZ5JzW9iYXSTMTL,0.36,0.35,0.21,0.96,0.75,0.79,101.33,0,1,C,major,C major
Red (Taylor's Version),6kZ42qRrzov54LcAk4onW9,Forever Winter (Taylor's Version) (From The Vault),3oGVx9RBmiYGv5ZCecWLkx,0.47,0.36,0.19,0.95,0.74,0.79,114.84,7,1,G,major,G major
Red (Taylor's Version),6kZ42qRrzov54LcAk4onW9,Run (feat. Ed Sheeran) (Taylor’s Version) (From The Vault),4IQkfUsrwXol38VV3U7t7T,0.43,0.3,0.31,0.96,0.78,0.76,123.05,3,1,D#,major,D# major
Red (Taylor's Version),6kZ42qRrzov54LcAk4onW9,The Very First Night (Taylor's Version) (From The Vault),6pYNq0ZwpPVazKzsqpf0G8,0.46,0.32,0.31,0.96,0.76,0.79,120.19,7,1,G,major,G major
Red (Taylor's Version),6kZ42qRrzov54LcAk4onW9,All Too Well (10 Minute Version) (Taylor's Version) (From The Vault),5enxwA8aAbwZbf5qCHORXi,0.42,0.32,0.27,0.96,0.76,0.77,92.29,0,1,C,major,C major
Midnights,1fnJ7k0bllNfL1kVdNVW1A,Lavender Haze,24emu3sabKISjRkrys28jq,0.39,0.25,0.46,0.97,0.81,0.39,97.51,0,0,C,minor,C minor
Midnights,1fnJ7k0bllNfL1kVdNVW1A,Maroon,6qxvy9Pe4RJIq5JBVbbwbS,0.4,0.31,0.32,0.96,0.77,0.79,107.67,7,1,G,major,G major
Midnights,1fnJ7k0bllNfL1kVdNVW1A,Anti-Hero,5qIHFdkW6phMsTZlN2g8Lc,0.41,0.32,0.28,0.96,0.76,0.8,129.2,4,1,E,major,E major
Midnights,1fnJ7k0bllNfL1kVdNVW1A,Snow On The Beach (feat. Lana Del Rey),7GA86Uo2jYbj8vIXe2nyWd,0.45,0.26,0.41,0.98,0.78,0.35,109.96,9,0,A,minor,A minor
Midnights,1fnJ7k0bllNfL1kVdNVW1A,"You're On Your Own, Kid",6PQOU00xWNrGwCZzboriXy,0.45,0.28,0.37,0.97,0.79,0.68,120.19,2,1,D,major,D major
Midnights,1fnJ7k0bllNfL1kVdNVW1A,Midnight Rain,4eKMqf9ZMSclDX7V9Ptg7x,0.41,0.26,0.42,0.97,0.79,0.4,69.84,0,0,C,minor,C minor
Midnights,1fnJ7k0bllNfL1kVdNVW1A,Question...?,7oomkQSYf1ia2VnVEWfFIU,0.45,0.29,0.36,0.95,0.78,0.79,109.96,0,1,C,major,C major
Midnights,1fnJ7k0bllNfL1kVdNVW1A,Vigilante Shit,0GKDhq6ZbmSbRHd3eyGlB7,0.4,0.22,0.48,0.97,0.82,0.71,80.75,0,1,C,major,C major
Midnights,1fnJ7k0bllNfL1kVdNVW1A,Bejeweled,0VpF6RLdCfPIeYRwMu4tZK,0.39,0.3,0.33,0.96,0.77,0.79,109.96,0,1,C,major,C major
Midnights,1fnJ7k0bllNfL1kVdNVW1A,Labyrinth,4bBDkw2KBMX0tcgAaXC83Q,0.41,0.28,0.34,0.96,0.78,0.67,112.35,0,1,C,major,C major
Midnights,1fnJ7k0bllNfL1kVdNVW1A,Karma,45R112Jz5hQeKgITXgSXzs,0.4,0.32,0.32,0.95,0.77,0.49,120.19,10,0,A#,minor,A# minor
Midnights,1fnJ7k0bllNfL1kVdNVW1A,Sweet Nothing,2L09RYwH5Pjzca6PmbUAw3,0.43,0.27,0.35,0.96,0.79,0.76,120.19,5,1,F,major,F major
Midnights,1fnJ7k0bllNfL1kVdNVW1A,Mastermind,1QQii3pa5m8MEda0nbkjfw,0.42,0.22,0.52,0.98,0.82,0.61,126.05,11,1,B,major,B major
Midnights,1fnJ7k0bllNfL1kVdNVW1A,The Great War,2VuqMjgoKaOHNM8HpxtXKx,0.4,0.33,0.28,0.95,0.76,0.78,95.7,0,1,C,major,C major
Midnights,1fnJ7k0bllNfL1kVdNVW1A,Bigger Than The Whole Sky,71CBDRKmF2VeRKYMG1DFBh,0.38,0.26,0.41,0.97,0.8,0.33,107.67,8,0,G#,minor,G# minor
Midnights,1fnJ7k0bllNfL1kVdNVW1A,Paris,5tWxKWq1DSP1s9WQ5PWuqu,0.4,0.29,0.34,0.96,0.78,0.76,117.45,7,1,G,major,G major
Midnights,1fnJ7k0bllNfL1kVdNVW1A,High Infidelity,1SztNGCwEHJEVFx90E5g7D,0.43,0.3,0.32,0.97,0.78,0.75,117.45,10,1,A#,major,A# major
Midnights,1fnJ7k0bllNfL1kVdNVW1A,Glitch,7C0w28EsX0Um2FrZs9gso2,0.47,0.29,0.36,0.96,0.78,0.8,143.55,11,1,B,major,B major
Midnights,1fnJ7k0bllNfL1kVdNVW1A,"Would've, Could've, Should've",4txojlesMFQZGWxwz2EeqB,0.45,0.33,0.2,0.97,0.75,0.72,156.61,7,1,G,major,G major
Midnights,1fnJ7k0bllNfL1kVdNVW1A,Dear Reader,10GRRCR5fctuOF4GFmATJI,0.44,0.25,0.44,0.97,0.79,0.7,107.67,2,1,D,major,D major
Midnights,1fnJ7k0bllNfL1kVdNVW1A,Hits Different,3xYJScVfxByb61dYHTwiby,0.44,0.31,0.31,0.97,0.76,0.49,105.47,5,0,F,minor,F minor
Midnights,1fnJ7k0bllNfL1kVdNVW1A,Snow On The Beach (feat. More Lana Del Rey),4zmKGsrXjLmljb5fTaBTot,0.45,0.29,0.35,0.98,0.77,0.4,109.96,8,0,G#,minor,G# minor
Midnights,1fnJ7k0bllNfL1kVdNVW1A,Karma (feat. Ice Spice),4i6cwNY6oIUU2XZxPIw82Y,0.37,0.33,0.29,0.94,0.76,0.49,90.67,10,0,A#,minor,A# minor
Speak Now (Taylor's Version),5AEDGbliTTfjOB8TSm1sxt,Mine (Taylor's Version),7G0gBu6nLdhFDPRLc0HdDG,0.48,0.36,0.21,0.94,0.74,0.8,123.05,2,1,D,major,D major
Speak Now (Taylor's Version),5AEDGbliTTfjOB8TSm1sxt,Sparks Fly (Taylor’s Version),3MytWN8L7shNYzGl4tAKRp,0.45,0.36,0.2,0.94,0.74,0.5,114.84,5,0,F,minor,F minor
Speak Now (Taylor's Version),5AEDGbliTTfjOB8TSm1sxt,Back To December (Taylor's Version),79uDOz0zuuWS7HWxzMmTa2,0.49,0.36,0.2,0.94,0.75,0.8,139.67,2,1,D,major,D major
Speak Now (Taylor's Version),5AEDGbliTTfjOB8TSm1sxt,Speak Now (Taylor's Version),5xXqyjLicvEpch72qEryFT,0.48,0.37,0.21,0.93,0.75,0.8,120.19,7,1,G,major,G major
Speak Now (Taylor's Version),5AEDGbliTTfjOB8TSm1sxt,Dear John (Taylor's Version),1zU8j1x3yi9xalMF96pzKp,0.47,0.34,0.23,0.95,0.74,0.79,120.19,8,1,G#,major,G# major
Speak Now (Taylor's Version),5AEDGbliTTfjOB8TSm1sxt,Mean (Taylor's Version),30Y4CV7A6YqtQtTTo7Ue4j,0.42,0.34,0.26,0.94,0.76,0.78,82.03,4,1,E,major,E major
Speak Now (Taylor's Version),5AEDGbliTTfjOB8TSm1sxt,The Story Of Us (Taylor's Version),6dTA6y0C2ReQklntzZl8l3,0.41,0.36,0.2,0.94,0.74,0.78,69.84,4,1,E,major,E major
Speak Now (Taylor's Version),5AEDGbliTTfjOB8TSm1sxt,Never Grow Up (Taylor's Version),2EFZ9emtKWEglWUQGEQ3P9,0.47,0.3,0.31,0.95,0.75,0.8,123.05,2,1,D,major,D major
Speak Now (Taylor's Version),5AEDGbliTTfjOB8TSm1sxt,Enchanted (Taylor's Version),3sW3oSbzsfecv9XoUdGs7h,0.5,0.35,0.22,0.95,0.74,0.51,161.5,8,0,G#,minor,G# minor
Speak Now (Taylor's Version),5AEDGbliTTfjOB8TSm1sxt,Better Than Revenge (Taylor's Version),0NwGC0v03ysCYINtg6ns58,0.46,0.36,0.21,0.94,0.75,0.8,147.66,9,1,A,major,A major
Speak Now (Taylor's Version),5AEDGbliTTfjOB8TSm1sxt,Innocent (Taylor's Version),12nBPF4Rh4XLFJV0YLN7uj,0.48,0.36,0.2,0.94,0.75,0.8,147.66,8,1,G#,major,G# major
Speak Now (Taylor's Version),5AEDGbliTTfjOB8TSm1sxt,Haunted (Taylor's Version),4tMzIAFTFdqGBQLdfbPces,0.49,0.36,0.21,0.95,0.75,0.81,161.5,9,1,A,major,A major
Speak Now (Taylor's Version),5AEDGbliTTfjOB8TSm1sxt,Last Kiss (Taylor's Version),59KOoHFcw5XfICnO57holu,0.5,0.33,0.26,0.96,0.76,0.8,156.61,9,1,A,major,A major
Speak Now (Taylor's Version),5AEDGbliTTfjOB8TSm1sxt,Long Live (Taylor's Version),4hqJ4bSlYJOXb6Z4SRmzxs,0.45,0.36,0.22,0.94,0.74,0.79,101.33,7,1,G,major,G major
Speak Now (Taylor's Version),5AEDGbliTTfjOB8TSm1sxt,Ours (Taylor’s Version),3yNJkriPzWjkkDAWHIAVUq,0.48,0.32,0.32,0.95,0.77,0.8,156.61,7,1,G,major,G major
Speak Now (Taylor's Version),5AEDGbliTTfjOB8TSm1sxt,Superman (Taylor’s Version),4evLyY5Ue1Wesc61t2KXAU,0.5,0.34,0.25,0.95,0.74,0.8,132.51,9,1,A,major,A major
Speak Now (Taylor's Version),5AEDGbliTTfjOB8TSm1sxt,Electric Touch (feat. Fall Out Boy) (Taylor’s Version) (From The Vault),4e3ZNTAV6PCrdYMUrUlMpQ,0.39,0.36,0.18,0.96,0.73,0.8,132.51,7,1,G,major,G major
Speak Now (Taylor's Version),5AEDGbliTTfjOB8TSm1sxt,When Emma Falls in Love (Taylor’s Version) (From The Vault),0zo975x58DlXbZllWvfYhg,0.47,0.34,0.25,0.96,0.75,0.8,156.61,2,1,D,major,D major
Speak Now (Taylor's Version),5AEDGbliTTfjOB8TSm1sxt,I Can See You (Taylor’s Version) (From The Vault),5kHMfzgLZP95O9NBy0ku4v,0.43,0.35,0.21,0.95,0.75,0.5,123.05,6,0,F#,minor,F# minor
Speak Now (Taylor's Version),5AEDGbliTTfjOB8TSm1sxt,Castles Crumbling (feat. Hayley Williams) (Taylor’s Version) (From The Vault),4ABYxlb92WBIjHu7TIKmml,0.48,0.31,0.29,0.97,0.76,0.75,147.66,7,1,G,major,G major
Speak Now (Taylor's Version),5AEDGbliTTfjOB8TSm1sxt,Foolish One (Taylor’s Version) (From The Vault),4s8BIKx4Zh6ryAEz8RTlaU,0.41,0.32,0.28,0.97,0.76,0.76,97.51,7,1,G,major,G major
Speak Now (Taylor's Version),5AEDGbliTTfjOB8TSm1sxt,Timeless (Taylor’s Version) (From The Vault),1HCdems7PQZRj42QDWLA0A,0.5,0.37,0.17,0.93,0.75,0.81,143.55,7,1,G,major,G major
1989 (Taylor's Version),1o59UpKw81iHR0HPiSkJR0,Welcome To New York (Taylor's Version),4WUepByoeqcedHoYhSNHRt,0.48,0.31,0.31,0.97,0.76,0.79,117.45,7,1,G,major,G major
1989 (Taylor's Version),1o59UpKw81iHR0HPiSkJR0,Blank Space (Taylor's Version),0108kcWLnn2HlH2kedi1gn,0.42,0.32,0.28,0.95,0.76,0.49,95.7,5,0,F,minor,F minor
1989 (Taylor's Version),1o59UpKw81iHR0HPiSkJR0,Style (Taylor's Version),3Vpk1hfMAQme8VJ0SNRSkd,0.43,0.33,0.27,0.95,0.74,0.79,95.7,9,1,A,major,A major
1989 (Taylor's Version),1o59UpKw81iHR0HPiSkJR0,Out Of The Woods (Taylor's Version),1OcSfkeCg9hRC2sFKB4IMJ,0.37,0.34,0.25,0.96,0.75,0.78,92.29,0,1,C,major,C major
1989 (Taylor's Version),1o59UpKw81iHR0HPiSkJR0,All You Had To Do Was Stay (Taylor's Version),2k0ZEeAqzvYMcx9Qt5aClQ,0.39,0.33,0.3,0.95,0.77,0.49,97.51,0,0,C,minor,C minor
1989 (Taylor's Version),1o59UpKw81iHR0HPiSkJR0,Shake It Off (Taylor's Version),50yNTF0Od55qnHLxYsA5Pw,0.5,0.35,0.22,0.95,0.74,0.81,161.5,2,1,D,major,D major
1989 (Taylor's Version),1o59UpKw81iHR0HPiSkJR0,I Wish You Would (Taylor's Version),3FxJDucHWdw6caWTKO5b23,0.4,0.33,0.27,0.96,0.75,0.79,117.45,0,1,C,major,C major
1989 (Taylor's Version),1o59UpKw81iHR0HPiSkJR0,Bad Blood (Taylor's Version),7oZONwFiFIErZcXAtTu7FY,0.4,0.3,0.31,0.97,0.77,0.79,112.35,11,1,B,major,B major
1989 (Taylor's Version),1o59UpKw81iHR0HPiSkJR0,Wildest Dreams (Taylor's Version),27exgla7YBw9DUNNcTIpjy,0.41,0.32,0.26,0.96,0.75,0.49,123.05,8,0,G#,minor,G# minor
1989 (Taylor's Version),1o59UpKw81iHR0HPiSkJR0,How You Get The Girl (Taylor's Version),733OhaXQIHY7BKtY3vnSkn,0.48,0.33,0.27,0.96,0.75,0.5,161.5,5,0,F,minor,F minor
1989 (Taylor's Version),1o59UpKw81iHR0HPiSkJR0,This Love (Taylor’s Version),4WBEj8TeGtRPNJdOmT3WJW,0.51,0.32,0.28,0.96,0.75,0.8,143.55,4,1,E,major,E major
1989 (Taylor's Version),1o59UpKw81iHR0HPiSkJR0,I Know Places (Taylor's Version),1ULabO0PEsdJekqVH6G10G,0.38,0.33,0.28,0.96,0.75,0.78,79.51,0,1,C,major,C major
1989 (Taylor's Version),1o59UpKw81iHR0HPiSkJR0,Clean (Taylor's Version),0lKUBmEyQfzsQHozyeXzES,0.46,0.28,0.37,0.98,0.77,0.7,103.36,4,1,E,major,E major
1989 (Taylor's Version),1o59UpKw81iHR0HPiSkJR0,Wonderland (Taylor's Version),6HRsJu8vcnzYDN4t0570FY,0.45,0.31,0.28,0.97,0.76,0.49,123.05,3,0,D#,minor,D# minor
1989 (Taylor's Version),1o59UpKw81iHR0HPiSkJR0,You Are In Love (Taylor's Version),0TyGh27YQ5LknmiDhCzJiT,0.42,0.32,0.27,0.96,0.76,0.77,114.84,9,1,A,major,A major
1989 (Taylor's Version),1o59UpKw81iHR0HPiSkJR0,New Romantics (Taylor's Version),5M787RexsAiVYjQusM98CV,0.43,0.36,0.21,0.96,0.74,0.49,123.05,5,0,F,minor,F minor
1989 (Taylor's Version),1o59UpKw81iHR0HPiSkJR0,"""Slut!"" (Taylor's Version) (From The Vault)",0CD7DzeCsuPJygddqlUVYa,0.39,0.3,0.35,0.96,0.77,0.79,103.36,2,1,D,major,D major
1989 (Taylor's Version),1o59UpKw81iHR0HPiSkJR0,Say Don't Go (Taylor's Version) (From The Vault),3CCRVu4F91Qp2mnGjmWBrf,0.41,0.32,0.27,0.96,0.75,0.79,109.96,11,1,B,major,B major
1989 (Taylor's Version),1o59UpKw81iHR0HPiSkJR0,Now That We Don't Talk (Taylor's Version) (From The Vault),5QUIK7ZtziW8kGWo8RqopF,0.4,0.3,0.34,0.95,0.78,0.79,109.96,4,1,E,major,E major
1989 (Taylor's Version),1o59UpKw81iHR0HPiSkJR0,Suburban Legends (Taylor's Version) (From The Vault),6M9ppdfFjR1AbpUl3Y8DcV,0.42,0.32,0.29,0.95,0.76,0.79,117.45,0,1,C,major,C major
1989 (Taylor's Version),1o59UpKw81iHR0HPiSkJR0,Is It Over Now? (Taylor's Version) (From The Vault),6IG3sQ8s9nfk6TUlVzRhbN,0.39,0.36,0.22,0.94,0.75,0.49,99.38,0,0,C,minor,C minor
1989 (Taylor's Version),1o59UpKw81iHR0HPiSkJR0,Bad Blood (feat. Kendrick Lamar) (Taylor's Version),6qAcApH8obo8eqatCKUHd9,0.43,0.31,0.31,0.96,0.76,0.78,84.72,11,1,B,major,B major
THE TORTURED POETS DEPARTMENT,5H7ixXZfsNMGbIE5OBSpcb,Fortnight (feat. Post Malone),6dODwocEuGzHAavXqTbwHv,0.43,0.3,0.36,0.97,0.77,0.74,95.7,11,1,B,major,B major
THE TORTURED POETS DEPARTMENT,5H7ixXZfsNMGbIE5OBSpcb,The Tortured Poets Department,4PdLaGZubp4lghChqp8erB,0.43,0.31,0.3,0.97,0.76,0.48,109.96,0,0,C,minor,C minor
THE TORTURED POETS DEPARTMENT,5H7ixXZfsNMGbIE5OBSpcb,My Boy Only Breaks His Favorite Toys,7uGYWMwRy24dm7RUDDhUlD,0.39,0.32,0.3,0.98,0.76,0.75,97.51,0,1,C,major,C major
THE TORTURED POETS DEPARTMENT,5H7ixXZfsNMGbIE5OBSpcb,Down Bad,1kbEbBdEgQdQeLXCJh28pJ,0.49,0.28,0.39,0.96,0.78,0.75,161.5,11,1,B,major,B major
THE TORTURED POETS DEPARTMENT,5H7ixXZfsNMGbIE5OBSpcb,"So Long, London",7wAkQFShJ27V8362MqevQr,0.39,0.28,0.38,0.97,0.78,0.7,117.45,1,1,C#,major,C# major
THE TORTURED POETS DEPARTMENT,5H7ixXZfsNMGbIE5OBSpcb,But Daddy I Love Him,4QMgEffJQuKtjCNvqfRZ0m,0.42,0.35,0.23,0.95,0.75,0.79,105.47,4,1,E,major,E major
THE TORTURED POETS DEPARTMENT,5H7ixXZfsNMGbIE5OBSpcb,Fresh Out The Slammer,7IWcDWOfiooH5hRs9XOVYz,0.4,0.33,0.22,0.97,0.75,0.78,87.59,9,1,A,major,A major
THE TORTURED POETS DEPARTMENT,5H7ixXZfsNMGbIE5OBSpcb,Florida!!! (feat. Florence + The Machine),5ExOm0dh4NyRyAdSAO9hyM,0.47,0.34,0.23,0.95,0.75,0.8,152,7,1,G,major,G major
THE TORTURED POETS DEPARTMENT,5H7ixXZfsNMGbIE5OBSpcb,Guilty as Sin?,799KrpEbhZp0MHeiA8YK9P,0.46,0.34,0.25,0.95,0.75,0.78,95.7,2,1,D,major,D major
THE TORTURED POETS DEPARTMENT,5H7ixXZfsNMGbIE5OBSpcb,Who’s Afraid of Little Old Me?,2d8UxVNhJinc8uat9PoM9y,0.4,0.29,0.35,0.97,0.77,0.77,123.05,9,1,A,major,A major
THE TORTURED POETS DEPARTMENT,5H7ixXZfsNMGbIE5OBSpcb,I Can Fix Him (No Really I Can),5chnRTB9qMK3W1M41SnU9s,0.45,0.27,0.39,0.96,0.79,0.79,123.05,9,1,A,major,A major
THE TORTURED POETS DEPARTMENT,5H7ixXZfsNMGbIE5OBSpcb,loml,3YkNIrAvbKNrrwwEd7NVLl,0.41,0.26,0.42,0.98,0.8,0.65,117.45,0,1,C,major,C major
THE TORTURED POETS DEPARTMENT,5H7ixXZfsNMGbIE5OBSpcb,I Can Do It With a Broken Heart,2fPvQfGQEZOKtJ9qXeL4x8,0.43,0.33,0.26,0.95,0.76,0.8,129.2,0,1,C,major,C major
THE TORTURED POETS DEPARTMENT,5H7ixXZfsNMGbIE5OBSpcb,The Smallest Man Who Ever Lived,1xtw1krCR6Dw2KwkXw5z63,0.41,0.29,0.31,0.97,0.79,0.42,95.7,5,0,F,minor,F minor
THE TORTURED POETS DEPARTMENT,5H7ixXZfsNMGbIE5OBSpcb,The Alchemy,1tuNqJOtRQVHvONR8Lg3MZ,0.45,0.33,0.28,0.96,0.75,0.47,99.38,0,0,C,minor,C minor
THE TORTURED POETS DEPARTMENT,5H7ixXZfsNMGbIE5OBSpcb,Clara Bow,4d9PtIEVij9jW5OaLinH66,0.43,0.3,0.31,0.96,0.77,0.71,103.36,2,1,D,major,D major
THE TORTURED POETS DEPARTMENT,5H7ixXZfsNMGbIE5OBSpcb,The Black Dog,62E2nR0od0M5HYxuYLaDz7,0.46,0.31,0.3,0.95,0.77,0.77,152,0,1,C,major,C major
THE TORTURED POETS DEPARTMENT,5H7ixXZfsNMGbIE5OBSpcb,imgonnagetyouback,1kcwpPDQnqEqmezzXdJTCP,0.42,0.32,0.29,0.95,0.76,0.79,109.96,9,1,A,major,A major
THE TORTURED POETS DEPARTMENT,5H7ixXZfsNMGbIE5OBSpcb,The Albatross,4EF6IyONolQy0bIQXm2EmX,0.37,0.3,0.3,0.97,0.77,0.72,112.35,6,1,F#,major,F# major
THE TORTURED POETS DEPARTMENT,5H7ixXZfsNMGbIE5OBSpcb,Chloe or Sam or Sophia or Marcus,1rmEsOezwf2lmIZTMAO5Ag,0.4,0.28,0.36,0.97,0.78,0.71,95.7,4,1,E,major,E major
THE TORTURED POETS DEPARTMENT,5H7ixXZfsNMGbIE5OBSpcb,How Did It End?,5Bedn0svl0ZD7RGmJkmKKw,0.46,0.29,0.29,0.98,0.77,0.7,143.55,0,1,C,major,C major
THE TORTURED POETS DEPARTMENT,5H7ixXZfsNMGbIE5OBSpcb,So High School,7Mts0OfPorF4iwOomvfqn1,0.4,0.35,0.22,0.95,0.75,0.79,117.45,7,1,G,major,G major
THE TORTURED POETS DEPARTMENT,5H7ixXZfsNMGbIE5OBSpcb,I Hate It Here,3hlGuz3loYoLfI3bpwieWq,0.36,0.31,0.3,0.96,0.76,0.77,86.13,2,1,D,major,D major
THE TORTURED POETS DEPARTMENT,5H7ixXZfsNMGbIE5OBSpcb,thanK you aIMee,7ogK4lJDVDMU6A6vYR5rvD,0.36,0.32,0.28,0.96,0.76,0.78,95.7,2,1,D,major,D major
THE TORTURED POETS DEPARTMENT,5H7ixXZfsNMGbIE5OBSpcb,I Look in People's Windows,1Zai5UJ2di3qEuR2HeT2s8,0.43,0.29,0.34,0.95,0.77,0.48,89.1,4,0,E,minor,E minor
THE TORTURED POETS DEPARTMENT,5H7ixXZfsNMGbIE5OBSpcb,The Prophecy,18WFFUIsewmA8g31KAeo3e,0.43,0.29,0.33,0.96,0.78,0.5,132.51,10,0,A#,minor,A# minor
THE TORTURED POETS DEPARTMENT,5H7ixXZfsNMGbIE5OBSpcb,Cassandra,0g4fMVo4JjwnIpTfFfLdxS,0.47,0.3,0.29,0.97,0.77,0.42,143.55,0,0,C,minor,C minor
THE TORTURED POETS DEPARTMENT,5H7ixXZfsNMGbIE5OBSpcb,Peter,3zMDGj4D8ogaYgAIZPeU7S,0.43,0.32,0.21,0.96,0.75,0.77,132.51,0,1,C,major,C major
THE TORTURED POETS DEPARTMENT,5H7ixXZfsNMGbIE5OBSpcb,The Bolter,2913xXOVAIDAqxzV2g4VcU,0.4,0.31,0.29,0.97,0.76,0.76,92.29,0,1,C,major,C major
THE TORTURED POETS DEPARTMENT,5H7ixXZfsNMGbIE5OBSpcb,Robin,2CnjDMdpRjlWv04Xk3s6MW,0.44,0.27,0.37,0.98,0.78,0.65,136,4,1,E,major,E major
THE TORTURED POETS DEPARTMENT,5H7ixXZfsNMGbIE5OBSpcb,The Manuscript,1DTRUYVd8rYpla9hhVVwjo,0.39,0.28,0.3,0.98,0.77,0.68,95.7,5,1,F,major,F major
The Life of a Showgirl,4a6NzYL1YHRUgx9e3YZI6I,The Fate of Ophelia,53iuhJlwXhSER5J2IYYv1W,0.58,0.31,0.28,0.97,0.76,0.49,123.05,9,0,A,minor,A minor
The Life of a Showgirl,4a6NzYL1YHRUgx9e3YZI6I,Elizabeth Taylor,1jgTiNob5cVyXeJ3WgX5bL,0.57,0.33,0.24,0.97,0.75,0.8,166.71,2,1,D,major,D major
The Life of a Showgirl,4a6NzYL1YHRUgx9e3YZI6I,Opalite,3yWuTOYDztXjZxdE2cIRUa,0.59,0.33,0.26,0.96,0.76,0.8,126.05,9,1,A,major,A major
The Life of a Showgirl,4a6NzYL1YHRUgx9e3YZI6I,Father Figure,03bTIHJElXZ0O0jqOQvAbY,0.49,0.31,0.3,0.97,0.77,0.77,92.29,9,1,A,major,A major
The Life of a Showgirl,4a6NzYL1YHRUgx9e3YZI6I,Eldest Daughter,62HoDY1Km6lm47haFpUn9c,0.52,0.32,0.3,0.95,0.77,0.8,152,7,1,G,major,G major
The Life of a Showgirl,4a6NzYL1YHRUgx9e3YZI6I,Ruin The Friendship,62V2ZHslgQV98gH4AuVXnr,0.49,0.31,0.3,0.97,0.77,0.8,156.61,7,1,G,major,G major
The Life of a Showgirl,4a6NzYL1YHRUgx9e3YZI6I,Actually Romantic,2x3mwb96B6TquRqMtbxUE1,0.41,0.31,0.28,0.96,0.77,0.48,84.72,4,0,E,minor,E minor
The Life of a Showgirl,4a6NzYL1YHRUgx9e3YZI6I,Wi$h Li$t,2TEQvxxQabwLQMqWMg1qGu,0.52,0.28,0.37,0.97,0.78,0.75,152,0,1,C,major,C major
The Life of a Showgirl,4a6NzYL1YHRUgx9e3YZI6I,Wood,5ylJtmaWPJ33cW3En7WOu0,0.46,0.3,0.32,0.96,0.78,0.48,99.38,7,0,G,minor,G minor
The Life of a Showgirl,4a6NzYL1YHRUgx9e3YZI6I,CANCELLED!,1appZ3c336FkPvCuywfmrs,0.46,0.3,0.31,0.97,0.77,0.76,89.1,9,1,A,major,A major
The Life of a Showgirl,4a6NzYL1YHRUgx9e3YZI6I,Honey,4qmFC3Jz5aQ0erlk2OSi2X,0.57,0.3,0.32,0.97,0.77,0.8,161.5,2,1,D,major,D major
The Life of a Showgirl,4a6NzYL1YHRUgx9e3YZI6I,The Life of a Showgirl (feat. Sabrina Carpenter),5eXgqtg3T8Av0m1FUaGHex,0.56,0.3,0.3,0.97,0.76,0.8,172.27,7,1,G,major,G major
Midnights,NA,You're Losing Me (From The Vault),3CWq0pAKKTWb0K4yiglDc4,0.41,0.25,0.46,0.98,0.8,0.66,103.36,0,1,C,major,C major
NA,NA,All Of The Girls You Loved Before,4P9Q0GojKVXpRTJCaL3kyy,0.43,0.27,0.36,0.98,0.78,0.68,95.7,2,1,D,major,D major
NA,NA,American Girl,,NA,NA,NA,NA,NA,NA,NA,NA,NA,NA,NA,NA
NA,NA,Bad Blood (Remix),6xsEAm6w9oMQYYg3jkEkMT,0.51,0.3,0.32,0.97,0.77,0.81,172.27,11,1,B,major,B major
NA,NA,Beautiful Ghosts,2evEoQAhIMaa9PfjTT5skG,0.43,0.33,0.24,0.94,0.75,0.8,143.55,9,1,A,major,A major
NA,NA,Carolina,4axSuOg3BqsowKjRpj59RU,0.42,0.27,0.41,0.97,0.79,0.71,123.05,11,1,B,major,B major
NA,NA,Christmas Tree Farm,2mvabkN1i2gLnGAPUVdwek,0.46,0.35,0.24,0.94,0.74,0.8,136,11,1,B,major,B major
NA,NA,Crazier,5vyxXfD5gLlyPxGZMEjtmd,0.45,0.35,0.17,0.95,0.74,0.8,132.51,6,1,F#,major,F# major
NA,NA,Eyes Open,6KEemo78n0RnCQWKkeOdXz,0.44,0.32,0.29,0.95,0.76,0.8,136,7,1,G,major,G major
NA,NA,Eyes Open (Taylor's Version),0gPmM1WtVRg3uENW3o8bfx,0.43,0.35,0.28,0.94,0.76,0.8,136,9,1,A,major,A major
NA,NA,I Don't Wanna Live Forever,2y5aJvzXhHPA94U5GFAcXe,0.43,0.28,0.4,0.97,0.79,0.44,117.45,0,0,C,minor,C minor
NA,NA,If This Was A Movie (Taylor's Version),0q6vsjvnCIWrtwRckCV7y0,0.48,0.37,0.2,0.94,0.75,0.8,147.66,8,1,G#,major,G# major
NA,NA,Lover (Remix),3i9UVldZOE0aD0JnyfAZZ0,0.41,0.34,0.22,0.96,0.76,0.77,109.96,7,1,G,major,G major
NA,NA,Only The Young,2slqvGLwzZZYsT4K4Y1GBC,0.41,0.37,0.2,0.93,0.73,0.5,126.05,10,0,A#,minor,A# minor
NA,NA,Ronan,0Nw8hv79MLJa1yjtsEgz08,0.4,0.27,0.29,0.98,0.79,0.68,58.07,0,1,C,major,C major
NA,NA,Safe & Sound,0z9UVN8VBHJ9HdfYsOuuNf,0.49,0.28,0.35,0.98,0.78,0.68,143.55,11,1,B,major,B major
NA,NA,Safe & Sound (Taylor's Version),6Q237Ts37YGYRIi5Vy5lVX,0.48,0.29,0.36,0.97,0.77,0.7,143.55,11,1,B,major,B major
NA,NA,September,5eGX87IiKsGuzS3iw4CfCX,0.43,0.34,0.23,0.96,0.76,0.45,107.67,6,0,F#,minor,F# minor
NA,NA,Sweeter Than Fiction,0RFCHlNuTeUHIB36VuVbOL,0.49,0.34,0.29,0.96,0.77,0.5,136,1,0,C#,minor,C# minor
NA,NA,Today Was A Fairytale,4pFvEWbjBpPUdYRQly0THs,0.48,0.36,0.19,0.95,0.75,0.81,156.61,7,1,G,major,G major
NA,NA,Babe,7fRruZ12gXGwBs0zXQ6e5V,0.49,0.33,0.24,0.95,0.75,0.51,172.27,11,0,B,minor,B minor
NA,NA,Birch,7wo2UNeQBowm28hfAJsEMz,0.45,0.28,0.37,0.97,0.79,0.37,123.05,0,0,C,minor,C minor
NA,NA,Both Of Us,3r9bgSJlJz2zlevcBRYXko,0.43,0.32,0.3,0.95,0.77,0.8,126.05,11,1,B,major,B major
NA,NA,Gasoline (Remix),645Exr2lJIO45Guht3qyIa,0.48,0.31,0.3,0.96,0.76,0.79,129.2,11,1,B,major,B major
NA,NA,Half Of My Heart,,NA,NA,NA,NA,NA,NA,NA,NA,NA,NA,NA,NA
NA,NA,Highway Don't Care,4wFUdSCer8bdQsrp1M90sa,0.41,0.35,0.2,0.96,0.74,0.8,156.61,2,1,D,major,D major
NA,NA,Renegade,73W5aXorr5vxrySFcoZqIN,0.4,0.3,0.31,0.97,0.78,0.71,84.72,2,1,D,major,D major
NA,NA,The Alcott,6INztpNwOTlfSKTuPo0HOP,0.42,0.3,0.33,0.97,0.77,0.75,136,0,1,C,major,C major
NA,NA,The Joker and the Queen,6N1K5OVVCopBjGViHs2IvP,0.38,0.28,0.29,0.98,0.77,0.69,152,0,1,C,major,C major
NA,NA,Three Sad Virgins,,NA,NA,NA,NA,NA,NA,NA,NA,NA,NA,NA,NA
NA,NA,Two Is Better Than One,1MaqkdFNIKPdpQGDzme5ss,0.48,0.34,0.22,0.96,0.75,0.8,129.2,7,1,G,major,G major
NA,NA,us.,0hhzNPE68LWLfgZwdpxVdR,0.46,0.36,0.22,0.95,0.74,0.8,136,7,1,G,major,G major
NA,NA,"1 step forward, 3 steps back",4wcBRRpIfesgcyUtis7PEg,0.5,0.27,0.35,0.98,0.79,0.69,172.27,2,1,D,major,D major
NA,NA,Bein' With My Baby,1bzJItxyg2yjNcMaVhVJ9a,NA,NA,NA,NA,NA,NA,NA,NA,NA,NA,NA,NA
NA,NA,Best Days Of Your Life,16jvUOIQ2P54P0bNN4rAdv,0.48,0.37,0.19,0.95,0.75,0.8,129.2,9,1,A,major,A major
NA,NA,Better Man,23TxRN09aR1RB0G0tFoT0b,0.5,0.35,0.21,0.95,0.74,0.5,143.55,0,0,C,minor,C minor
NA,NA,deja vu,6HU7h9RYOaPRFeh0R3UeAr,0.48,0.31,0.3,0.98,0.77,0.79,178.21,1,1,C#,major,C# major
NA,NA,This Is Really Happening,3K1RFAkmvzwmW0fzdyeWsO,NA,NA,NA,NA,NA,NA,NA,NA,NA,NA,NA,NA
NA,NA,This Is What You Came For,0azC730Exh71aQlOt9Zj3y,0.47,0.32,0.31,0.95,0.77,0.79,123.05,0,1,C,major,C major
NA,NA,TMZ,2Y9YdGPN7AtVfpTvXfRbc6,0.45,0.39,0.13,0.94,0.74,0.5,147.66,3,0,D#,minor,D# minor
NA,NA,You'll Always Find Your Way Back Home,12wSL3tGk3MtbDEhfG7xy3,0.46,0.38,0.17,0.93,0.75,0.51,152,10,0,A#,minor,A# minor
